{
  "time_total" : 804685.347684041,
  "time_indoor" : 38954.65252176664,
  "time_outdoor" : 765730.6951622744,
  "congestion_average" : 1.485756059483681,
  "congestion_max" : 2.4234431674280925,
  "congestion_min" : 0.548068951539269
}