{
  "time_total" : 1272450.7615844475,
  "time_indoor" : 64547.535105364266,
  "time_outdoor" : 1207903.2264790833,
  "congestion_average" : 1.0151222936543476,
  "congestion_max" : 1.7896640156864845,
  "congestion_min" : 0.2708251589309056
}