{
  "time_total" : 794288.6892494295,
  "time_indoor" : 73501.16595249956,
  "time_outdoor" : 720787.5232969299,
  "congestion_average" : 1.0083832200083354,
  "congestion_max" : 2.381716100467901,
  "congestion_min" : 0.3649496604512305
}