{
  "time_total" : 794249.4760325626,
  "time_indoor" : 85293.75214228846,
  "time_outdoor" : 708955.7238902741,
  "congestion_average" : 0.8021961757295772,
  "congestion_max" : 1.6899557801968528,
  "congestion_min" : 0.08556342873769808
}